<?xml version="1.0"?>
<!--
Used by DriverUtilities2. Here you configure information
about your database server in XML. To add a driver, include
a vendor keyword, description, driver-class, and URL.
For general use, the host and database name should not
be included in the URL; a special notation is required
for the host and database name. Use [$host] as a 
placeholder for the host server and [$dbName] as a placeholder
for the database name. Specify the actual host and database name
when making a call to makeUrl (DriverUtilities). Then, the 
appropriate strings will be substituted for [$host]
and [$dbName] before the URL is returned.

Taken from Core Servlets and JavaServer Pages
from Prentice Hall and Sun Microsystems Press,
http://www.coreservlets.com/.
(C) 2003 Marty Hall and Larry Brown;
may be freely used or adapted.
-->
<drivers>
  <driver>
    <vendor>MSACCESS</vendor>
    <description>MS Access</description>
    <driver-class>sun.jdbc.odbc.JdbcOdbcDriver</driver-class>
    <url>jdbc:odbc:[$dbName]</url>
  </driver>
  <driver>
    <vendor>MYSQL</vendor>
    <description>MySQL Connector/J 3.0</description>
    <driver-class>com.mysql.jdbc.Driver</driver-class>
    <url>jdbc:mysql://[$host]:3306/[$dbName]</url>
  </driver>
  <driver>
    <vendor>ORACLE</vendor>
    <description>Oracle</description>
    <driver-class>oracle.jdbc.driver.OracleDriver</driver-class>
    <url>jdbc:oracle:thin:@[$host]:1521:[$dbName]</url>
  </driver>
</drivers>